Date,Type
2017-01-25,Actual but not predicted
2017-01-26,Predicted but not actual
2018-03-28,Actual but not predicted
2019-03-20,Actual but not predicted
2019-03-21,Predicted but not actual
2019-08-14,Actual but not predicted
2019-08-15,Predicted but not actual
2020-04-01,Actual but not predicted
2020-04-02,Predicted but not actual
2021-03-10,Actual but not predicted
2021-03-11,Predicted but not actual
2021-05-12,Actual but not predicted
2021-05-13,Predicted but not actual
2021-08-18,Actual but not predicted
2021-08-19,Predicted but not actual
2021-11-03,Actual but not predicted
2021-11-04,Predicted but not actual
2022-04-13,Actual but not predicted
2022-04-14,Predicted but not actual
2023-01-25,Actual but not predicted
2023-01-26,Predicted but not actual
2023-03-29,Actual but not predicted
2023-06-28,Actual but not predicted
2024-04-10,Actual but not predicted
2024-04-11,Predicted but not actual
2024-08-14,Actual but not predicted
2024-08-15,Predicted but not actual
2025-04-09,Actual but not predicted
2025-04-10,Predicted but not actual
2025-04-30,Actual but not predicted
2025-05-01,Predicted but not actual
2025-09-25,Actual but not predicted
2025-10-20,Actual but not predicted
2025-10-21,Predicted but not actual
2025-12-24,Actual but not predicted
2026-03-02,Actual but not predicted
2026-03-03,Predicted but not actual
2026-03-26,Actual but not predicted
2026-03-30,Actual but not predicted
2026-04-13,Actual but not predicted
2026-04-14,Predicted but not actual
2026-06-25,Actual but not predicted
2026-09-08,Predicted but not actual
2026-09-15,Predicted but not actual
2026-09-22,Predicted but not actual
2026-10-06,Predicted but not actual
2026-10-13,Predicted but not actual
2026-10-20,Predicted but not actual
2026-10-27,Predicted but not actual
2026-11-03,Predicted but not actual
2026-11-10,Predicted but not actual
2026-11-17,Predicted but not actual
2026-11-24,Predicted but not actual
2026-12-01,Predicted but not actual
2026-12-08,Predicted but not actual
2026-12-15,Predicted but not actual
2026-12-22,Predicted but not actual
2026-12-31,Actual but not predicted
2027-01-05,Predicted but not actual
2027-01-12,Predicted but not actual
2027-01-19,Predicted but not actual
2027-01-26,Predicted but not actual
2027-02-02,Predicted but not actual
2027-02-09,Predicted but not actual
2027-02-16,Predicted but not actual
2027-02-23,Predicted but not actual
2027-03-02,Predicted but not actual
2027-03-09,Predicted but not actual
2027-03-16,Predicted but not actual
2027-03-23,Predicted but not actual
2027-04-06,Predicted but not actual
2027-04-13,Predicted but not actual
2027-04-20,Predicted but not actual
2027-04-27,Predicted but not actual
2027-05-04,Predicted but not actual
2027-05-11,Predicted but not actual
2027-05-18,Predicted but not actual
2027-05-25,Predicted but not actual
2027-06-01,Predicted but not actual
2027-06-08,Predicted but not actual
2027-06-15,Predicted but not actual
2027-06-22,Predicted but not actual
2027-06-24,Actual but not predicted
2027-07-06,Predicted but not actual
2027-07-13,Predicted but not actual
2027-07-20,Predicted but not actual
2027-07-27,Predicted but not actual
2027-08-03,Predicted but not actual
2027-08-10,Predicted but not actual
2027-08-17,Predicted but not actual
2027-08-24,Predicted but not actual
2027-08-31,Predicted but not actual
2027-09-07,Predicted but not actual
2027-09-14,Predicted but not actual
2027-09-21,Predicted but not actual
2027-09-28,Predicted but not actual
2027-10-05,Predicted but not actual
2027-10-12,Predicted but not actual
2027-10-19,Predicted but not actual
2027-10-26,Predicted but not actual
2027-11-02,Predicted but not actual
2027-11-09,Predicted but not actual
2027-11-16,Predicted but not actual
2027-11-23,Predicted but not actual
2027-11-30,Predicted but not actual
2027-12-07,Predicted but not actual
2027-12-14,Predicted but not actual
2027-12-21,Predicted but not actual
2027-12-30,Actual but not predicted
2028-01-04,Predicted but not actual
2028-01-11,Predicted but not actual
2028-01-18,Predicted but not actual
2028-01-25,Predicted but not actual
2028-02-01,Predicted but not actual
2028-02-08,Predicted but not actual
2028-02-15,Predicted but not actual
2028-02-22,Predicted but not actual
2028-02-29,Predicted but not actual
2028-03-07,Predicted but not actual
2028-03-14,Predicted but not actual
2028-03-21,Predicted but not actual
2028-03-28,Predicted but not actual
2028-04-04,Predicted but not actual
2028-04-11,Predicted but not actual
2028-04-18,Predicted but not actual
2028-04-25,Predicted but not actual
2028-05-02,Predicted but not actual
2028-05-09,Predicted but not actual
2028-05-16,Predicted but not actual
2028-05-23,Predicted but not actual
2028-05-30,Predicted but not actual
2028-06-06,Predicted but not actual
2028-06-13,Predicted but not actual
2028-06-20,Predicted but not actual
2028-06-29,Actual but not predicted
2028-07-04,Predicted but not actual
2028-07-11,Predicted but not actual
2028-07-18,Predicted but not actual
2028-07-25,Predicted but not actual
2028-08-01,Predicted but not actual
2028-08-08,Predicted but not actual
2028-08-15,Predicted but not actual
2028-08-22,Predicted but not actual
2028-08-29,Predicted but not actual
2028-09-05,Predicted but not actual
2028-09-12,Predicted but not actual
2028-09-19,Predicted but not actual
2028-09-26,Predicted but not actual
2028-10-03,Predicted but not actual
2028-10-10,Predicted but not actual
2028-10-17,Predicted but not actual
2028-10-24,Predicted but not actual
2028-10-31,Predicted but not actual
2028-11-07,Predicted but not actual
2028-11-14,Predicted but not actual
2028-11-21,Predicted but not actual
2028-11-28,Predicted but not actual
2028-12-05,Predicted but not actual
2028-12-12,Predicted but not actual
2028-12-19,Predicted but not actual
2028-12-28,Actual but not predicted
2029-01-02,Predicted but not actual
2029-01-09,Predicted but not actual
2029-01-16,Predicted but not actual
2029-01-23,Predicted but not actual
2029-01-30,Predicted but not actual
2029-02-06,Predicted but not actual
2029-02-13,Predicted but not actual
2029-02-20,Predicted but not actual
2029-02-27,Predicted but not actual
2029-03-06,Predicted but not actual
2029-03-13,Predicted but not actual
2029-03-20,Predicted but not actual
2029-03-27,Predicted but not actual
2029-04-03,Predicted but not actual
2029-04-10,Predicted but not actual
2029-04-17,Predicted but not actual
2029-04-24,Predicted but not actual
2029-05-01,Predicted but not actual
2029-05-08,Predicted but not actual
2029-05-15,Predicted but not actual
2029-05-22,Predicted but not actual
2029-05-29,Predicted but not actual
2029-06-05,Predicted but not actual
2029-06-12,Predicted but not actual
2029-06-19,Predicted but not actual
2029-06-28,Actual but not predicted
2029-07-03,Predicted but not actual
2029-07-10,Predicted but not actual
2029-07-17,Predicted but not actual
2029-07-24,Predicted but not actual
2029-07-31,Predicted but not actual
2029-08-07,Predicted but not actual
2029-08-14,Predicted but not actual
2029-08-21,Predicted but not actual
2029-08-28,Predicted but not actual
2029-09-04,Predicted but not actual
2029-09-11,Predicted but not actual
2029-09-18,Predicted but not actual
2029-09-25,Predicted but not actual
2029-10-02,Predicted but not actual
2029-10-09,Predicted but not actual
2029-10-16,Predicted but not actual
2029-10-23,Predicted but not actual
2029-10-30,Predicted but not actual
2029-11-06,Predicted but not actual
2029-11-13,Predicted but not actual
2029-11-20,Predicted but not actual
2029-11-27,Predicted but not actual
2029-12-04,Predicted but not actual
2029-12-11,Predicted but not actual
2029-12-18,Predicted but not actual
2029-12-24,Actual but not predicted
2029-12-25,Predicted but not actual
2029-12-27,Actual but not predicted
2030-01-01,Predicted but not actual
2030-01-08,Predicted but not actual
2030-01-15,Predicted but not actual
2030-01-22,Predicted but not actual
2030-01-29,Predicted but not actual
2030-02-05,Predicted but not actual
2030-02-12,Predicted but not actual
2030-02-19,Predicted but not actual
2030-02-26,Predicted but not actual
2030-03-05,Predicted but not actual
2030-03-12,Predicted but not actual
2030-03-19,Predicted but not actual
2030-03-26,Predicted but not actual
2030-04-02,Predicted but not actual
2030-04-09,Predicted but not actual
2030-04-16,Predicted but not actual
2030-04-23,Predicted but not actual
2030-04-30,Predicted but not actual
2030-05-07,Predicted but not actual
2030-05-14,Predicted but not actual
2030-05-21,Predicted but not actual
2030-05-28,Predicted but not actual
2030-06-04,Predicted but not actual
2030-06-11,Predicted but not actual
2030-06-18,Predicted but not actual
2030-07-02,Predicted but not actual
2030-07-09,Predicted but not actual
2030-07-16,Predicted but not actual
2030-07-23,Predicted but not actual
2030-07-30,Predicted but not actual
2030-08-06,Predicted but not actual
2030-08-13,Predicted but not actual
2030-08-20,Predicted but not actual
2030-08-27,Predicted but not actual
2030-09-03,Predicted but not actual
2030-09-10,Predicted but not actual
2030-09-17,Predicted but not actual
2030-09-24,Predicted but not actual
2030-10-01,Predicted but not actual
2030-10-08,Predicted but not actual
2030-10-15,Predicted but not actual
2030-10-22,Predicted but not actual
2030-10-29,Predicted but not actual
2030-11-05,Predicted but not actual
2030-11-12,Predicted but not actual
2030-11-19,Predicted but not actual
2030-11-26,Predicted but not actual
2030-12-03,Predicted but not actual
2030-12-10,Predicted but not actual
2030-12-17,Predicted but not actual
2030-12-24,Predicted but not actual
